Time [s],Channel 0,Channel 1,Channel 2,Channel 3,Channel 4,Channel 5,Channel 6,Channel 7
2026-06-06T14:57:13.747099000+00:00,1,1,1,1,1,1,1,1
2026-06-06T14:57:14.049244583+00:00,0,1,1,1,1,1,1,1
2026-06-06T14:57:14.052666167+00:00,1,1,1,1,1,1,1,1
2026-06-06T14:57:14.054463500+00:00,0,1,1,1,1,1,1,1
2026-06-06T14:57:14.054851458+00:00,1,1,1,1,1,1,1,1
2026-06-06T14:57:14.055338458+00:00,0,1,1,1,1,1,1,1
2026-06-06T14:57:14.055725750+00:00,1,1,1,1,1,1,1,1
2026-06-06T14:57:14.056213417+00:00,0,1,1,1,1,1,1,1
2026-06-06T14:57:14.056600042+00:00,1,1,1,1,1,1,1,1
2026-06-06T14:57:14.057959417+00:00,0,1,1,1,1,1,1,1
2026-06-06T14:57:14.058348333+00:00,1,1,1,1,1,1,1,1
2026-06-06T14:57:14.059708375+00:00,0,1,1,1,1,1,1,1
2026-06-06T14:57:14.060096833+00:00,1,1,1,1,1,1,1,1
2026-06-06T14:57:14.060583625+00:00,0,1,1,1,1,1,1,1
2026-06-06T14:57:14.060971042+00:00,1,1,1,1,1,1,1,1
2026-06-06T14:57:14.062330917+00:00,0,1,1,1,1,1,1,1
2026-06-06T14:57:14.062719625+00:00,1,1,1,1,1,1,1,1
2026-06-06T14:57:14.063206875+00:00,0,1,1,1,1,1,1,1
2026-06-06T14:57:14.063594000+00:00,1,1,1,1,1,1,1,1
2026-06-06T14:57:14.064080250+00:00,0,1,1,1,1,1,1,1
2026-06-06T14:57:14.064468250+00:00,1,1,1,1,1,1,1,1
2026-06-06T14:57:14.064955250+00:00,0,1,1,1,1,1,1,1
2026-06-06T14:57:14.065342542+00:00,1,1,1,1,1,1,1,1
2026-06-06T14:57:14.066702417+00:00,0,1,1,1,1,1,1,1
2026-06-06T14:57:14.067090917+00:00,1,1,1,1,1,1,1,1
2026-06-06T14:57:14.067577708+00:00,0,1,1,1,1,1,1,1
2026-06-06T14:57:14.067965208+00:00,1,1,1,1,1,1,1,1
2026-06-06T14:57:14.068452083+00:00,0,1,1,1,1,1,1,1
2026-06-06T14:57:14.068839375+00:00,1,1,1,1,1,1,1,1
2026-06-06T14:57:14.070198583+00:00,0,1,1,1,1,1,1,1
2026-06-06T14:57:14.070587958+00:00,1,1,1,1,1,1,1,1
2026-06-06T14:57:14.071074833+00:00,0,1,1,1,1,1,1,1
2026-06-06T14:57:14.071462250+00:00,1,1,1,1,1,1,1,1
2026-06-06T14:57:14.072822542+00:00,0,1,1,1,1,1,1,1
2026-06-06T14:57:14.073210750+00:00,1,1,1,1,1,1,1,1
2026-06-06T14:57:14.073698167+00:00,0,1,1,1,1,1,1,1
2026-06-06T14:57:14.074084958+00:00,1,1,1,1,1,1,1,1
2026-06-06T14:57:14.075444917+00:00,0,1,1,1,1,1,1,1
2026-06-06T14:57:14.075833625+00:00,1,1,1,1,1,1,1,1
2026-06-06T14:57:14.076320125+00:00,0,1,1,1,1,1,1,1
2026-06-06T14:57:14.076707917+00:00,1,1,1,1,1,1,1,1
2026-06-06T14:57:14.077194417+00:00,0,1,1,1,1,1,1,1
2026-06-06T14:57:14.077582125+00:00,1,1,1,1,1,1,1,1
2026-06-06T14:57:14.078942042+00:00,0,1,1,1,1,1,1,1
2026-06-06T14:57:14.079330792+00:00,1,1,1,1,1,1,1,1
2026-06-06T14:57:14.079818125+00:00,0,1,1,1,1,1,1,1
2026-06-06T14:57:14.080204750+00:00,1,1,1,1,1,1,1,1
2026-06-06T14:57:14.080691833+00:00,0,1,1,1,1,1,1,1
2026-06-06T14:57:14.081079167+00:00,1,1,1,1,1,1,1,1
2026-06-06T14:57:14.081566333+00:00,0,1,1,1,1,1,1,1
2026-06-06T14:57:14.081953500+00:00,1,1,1,1,1,1,1,1
2026-06-06T14:57:14.082440750+00:00,0,1,1,1,1,1,1,1
2026-06-06T14:57:14.082827708+00:00,1,1,1,1,1,1,1,1
2026-06-06T14:57:14.083314375+00:00,0,1,1,1,1,1,1,1
2026-06-06T14:57:14.083702000+00:00,1,1,1,1,1,1,1,1
2026-06-06T14:57:14.085061542+00:00,0,1,1,1,1,1,1,1
2026-06-06T14:57:14.085450417+00:00,1,1,1,1,1,1,1,1
2026-06-06T14:57:14.086809917+00:00,0,1,1,1,1,1,1,1
2026-06-06T14:57:14.087198750+00:00,1,1,1,1,1,1,1,1
2026-06-06T14:57:14.088558625+00:00,0,1,1,1,1,1,1,1
2026-06-06T14:57:14.088947458+00:00,1,1,1,1,1,1,1,1
2026-06-06T14:57:14.090306167+00:00,0,1,1,1,1,1,1,1
2026-06-06T14:57:14.090695875+00:00,1,1,1,1,1,1,1,1
2026-06-06T14:57:14.092055458+00:00,0,1,1,1,1,1,1,1
2026-06-06T14:57:14.092444417+00:00,1,1,1,1,1,1,1,1
2026-06-06T14:57:14.092931583+00:00,0,1,1,1,1,1,1,1
2026-06-06T14:57:14.093318667+00:00,1,1,1,1,1,1,1,1
2026-06-06T14:57:14.093805500+00:00,0,1,1,1,1,1,1,1
2026-06-06T14:57:14.094193000+00:00,1,1,1,1,1,1,1,1
2026-06-06T14:57:14.095553292+00:00,0,1,1,1,1,1,1,1
2026-06-06T14:57:14.095941417+00:00,1,1,1,1,1,1,1,1
2026-06-06T14:57:14.097300375+00:00,0,1,1,1,1,1,1,1
2026-06-06T14:57:14.097689875+00:00,1,1,1,1,1,1,1,1
2026-06-06T14:57:14.099048500+00:00,0,1,1,1,1,1,1,1
2026-06-06T14:57:14.099438208+00:00,1,1,1,1,1,1,1,1
2026-06-06T14:57:14.099925333+00:00,0,1,1,1,1,1,1,1
2026-06-06T14:57:14.100312500+00:00,1,1,1,1,1,1,1,1
2026-06-06T14:57:14.101672417+00:00,0,1,1,1,1,1,1,1
2026-06-06T14:57:14.102060958+00:00,1,1,1,1,1,1,1,1
2026-06-06T14:57:14.103420042+00:00,0,1,1,1,1,1,1,1
2026-06-06T14:57:14.103809458+00:00,1,1,1,1,1,1,1,1
2026-06-06T14:57:14.104296333+00:00,0,1,1,1,1,1,1,1
2026-06-06T14:57:14.104683917+00:00,1,1,1,1,1,1,1,1
2026-06-06T14:57:14.105171042+00:00,0,1,1,1,1,1,1,1
2026-06-06T14:57:14.105558042+00:00,1,1,1,1,1,1,1,1
2026-06-06T14:57:14.185044625+00:00,0,1,1,1,1,1,1,1
2026-06-06T14:57:14.188467208+00:00,1,1,1,1,1,1,1,1
2026-06-06T14:57:14.190263250+00:00,0,1,1,1,1,1,1,1
2026-06-06T14:57:14.190652583+00:00,1,1,1,1,1,1,1,1
2026-06-06T14:57:14.191139042+00:00,0,1,1,1,1,1,1,1
2026-06-06T14:57:14.191526708+00:00,1,1,1,1,1,1,1,1
2026-06-06T14:57:14.192013083+00:00,0,1,1,1,1,1,1,1
2026-06-06T14:57:14.192400958+00:00,1,1,1,1,1,1,1,1
2026-06-06T14:57:14.193759667+00:00,0,1,1,1,1,1,1,1
2026-06-06T14:57:14.194149500+00:00,1,1,1,1,1,1,1,1
2026-06-06T14:57:14.195507250+00:00,0,1,1,1,1,1,1,1
2026-06-06T14:57:14.195897917+00:00,1,1,1,1,1,1,1,1
2026-06-06T14:57:14.196385083+00:00,0,1,1,1,1,1,1,1
2026-06-06T14:57:14.196772167+00:00,1,1,1,1,1,1,1,1
2026-06-06T14:57:14.198130833+00:00,0,1,1,1,1,1,1,1
2026-06-06T14:57:14.198520708+00:00,1,1,1,1,1,1,1,1
2026-06-06T14:57:14.199008125+00:00,0,1,1,1,1,1,1,1
2026-06-06T14:57:14.199394875+00:00,1,1,1,1,1,1,1,1
2026-06-06T14:57:14.199881292+00:00,0,1,1,1,1,1,1,1
2026-06-06T14:57:14.200269042+00:00,1,1,1,1,1,1,1,1
2026-06-06T14:57:14.200756208+00:00,0,1,1,1,1,1,1,1
2026-06-06T14:57:14.201143292+00:00,1,1,1,1,1,1,1,1
2026-06-06T14:57:14.202502917+00:00,0,1,1,1,1,1,1,1
2026-06-06T14:57:14.202891833+00:00,1,1,1,1,1,1,1,1
2026-06-06T14:57:14.203378083+00:00,0,1,1,1,1,1,1,1
2026-06-06T14:57:14.203766042+00:00,1,1,1,1,1,1,1,1
2026-06-06T14:57:14.204253083+00:00,0,1,1,1,1,1,1,1
2026-06-06T14:57:14.204640417+00:00,1,1,1,1,1,1,1,1
2026-06-06T14:57:14.205999458+00:00,0,1,1,1,1,1,1,1
2026-06-06T14:57:14.206388833+00:00,1,1,1,1,1,1,1,1
2026-06-06T14:57:14.206876042+00:00,0,1,1,1,1,1,1,1
2026-06-06T14:57:14.207263042+00:00,1,1,1,1,1,1,1,1
2026-06-06T14:57:14.208622292+00:00,0,1,1,1,1,1,1,1
2026-06-06T14:57:14.209011417+00:00,1,1,1,1,1,1,1,1
2026-06-06T14:57:14.209499125+00:00,0,1,1,1,1,1,1,1
2026-06-06T14:57:14.209885792+00:00,1,1,1,1,1,1,1,1
2026-06-06T14:57:14.211245000+00:00,0,1,1,1,1,1,1,1
2026-06-06T14:57:14.211634125+00:00,1,1,1,1,1,1,1,1
2026-06-06T14:57:14.212120542+00:00,0,1,1,1,1,1,1,1
2026-06-06T14:57:14.212508333+00:00,1,1,1,1,1,1,1,1
2026-06-06T14:57:14.212995667+00:00,0,1,1,1,1,1,1,1
2026-06-06T14:57:14.213382583+00:00,1,1,1,1,1,1,1,1
2026-06-06T14:57:14.214742333+00:00,0,1,1,1,1,1,1,1
2026-06-06T14:57:14.215131083+00:00,1,1,1,1,1,1,1,1
2026-06-06T14:57:14.215618208+00:00,0,1,1,1,1,1,1,1
2026-06-06T14:57:14.216005542+00:00,1,1,1,1,1,1,1,1
2026-06-06T14:57:14.216492292+00:00,0,1,1,1,1,1,1,1
2026-06-06T14:57:14.216879708+00:00,1,1,1,1,1,1,1,1
2026-06-06T14:57:14.217366750+00:00,0,1,1,1,1,1,1,1
2026-06-06T14:57:14.217754125+00:00,1,1,1,1,1,1,1,1
2026-06-06T14:57:14.218239833+00:00,0,1,1,1,1,1,1,1
2026-06-06T14:57:14.218628333+00:00,1,1,1,1,1,1,1,1
2026-06-06T14:57:14.219114958+00:00,0,1,1,1,1,1,1,1
2026-06-06T14:57:14.219502500+00:00,1,1,1,1,1,1,1,1
2026-06-06T14:57:14.220862208+00:00,0,1,1,1,1,1,1,1
2026-06-06T14:57:14.221250958+00:00,1,1,1,1,1,1,1,1
2026-06-06T14:57:14.222611042+00:00,0,1,1,1,1,1,1,1
2026-06-06T14:57:14.222999458+00:00,1,1,1,1,1,1,1,1
2026-06-06T14:57:14.224358583+00:00,0,1,1,1,1,1,1,1
2026-06-06T14:57:14.224747875+00:00,1,1,1,1,1,1,1,1
2026-06-06T14:57:14.226108125+00:00,0,1,1,1,1,1,1,1
2026-06-06T14:57:14.226496458+00:00,1,1,1,1,1,1,1,1
2026-06-06T14:57:14.227856250+00:00,0,1,1,1,1,1,1,1
2026-06-06T14:57:14.228244917+00:00,1,1,1,1,1,1,1,1
2026-06-06T14:57:14.228730500+00:00,0,1,1,1,1,1,1,1
2026-06-06T14:57:14.229119250+00:00,1,1,1,1,1,1,1,1
2026-06-06T14:57:14.229605917+00:00,0,1,1,1,1,1,1,1
2026-06-06T14:57:14.229993458+00:00,1,1,1,1,1,1,1,1
2026-06-06T14:57:14.231353167+00:00,0,1,1,1,1,1,1,1
2026-06-06T14:57:14.231741833+00:00,1,1,1,1,1,1,1,1
2026-06-06T14:57:14.233101917+00:00,0,1,1,1,1,1,1,1
2026-06-06T14:57:14.233490375+00:00,1,1,1,1,1,1,1,1
2026-06-06T14:57:14.234849625+00:00,0,1,1,1,1,1,1,1
2026-06-06T14:57:14.235238875+00:00,1,1,1,1,1,1,1,1
2026-06-06T14:57:14.235726167+00:00,0,1,1,1,1,1,1,1
2026-06-06T14:57:14.236113125+00:00,1,1,1,1,1,1,1,1
2026-06-06T14:57:14.237472208+00:00,0,1,1,1,1,1,1,1
2026-06-06T14:57:14.237861542+00:00,1,1,1,1,1,1,1,1
2026-06-06T14:57:14.239221417+00:00,0,1,1,1,1,1,1,1
2026-06-06T14:57:14.239609958+00:00,1,1,1,1,1,1,1,1
2026-06-06T14:57:14.240095833+00:00,0,1,1,1,1,1,1,1
2026-06-06T14:57:14.240484208+00:00,1,1,1,1,1,1,1,1
2026-06-06T14:57:14.240971958+00:00,0,1,1,1,1,1,1,1
2026-06-06T14:57:14.241358417+00:00,1,1,1,1,1,1,1,1
2026-06-06T14:57:14.321065083+00:00,0,1,1,1,1,1,1,1
2026-06-06T14:57:14.324486667+00:00,1,1,1,1,1,1,1,1
2026-06-06T14:57:14.326283708+00:00,0,1,1,1,1,1,1,1
2026-06-06T14:57:14.326672042+00:00,1,1,1,1,1,1,1,1
2026-06-06T14:57:14.327159208+00:00,0,1,1,1,1,1,1,1
2026-06-06T14:57:14.327546250+00:00,1,1,1,1,1,1,1,1
2026-06-06T14:57:14.328033500+00:00,0,1,1,1,1,1,1,1
2026-06-06T14:57:14.328420542+00:00,1,1,1,1,1,1,1,1
2026-06-06T14:57:14.329779792+00:00,0,1,1,1,1,1,1,1
2026-06-06T14:57:14.330169000+00:00,1,1,1,1,1,1,1,1
2026-06-06T14:57:14.331527375+00:00,0,1,1,1,1,1,1,1
2026-06-06T14:57:14.331917542+00:00,1,1,1,1,1,1,1,1
2026-06-06T14:57:14.332403875+00:00,0,1,1,1,1,1,1,1
2026-06-06T14:57:14.332791708+00:00,1,1,1,1,1,1,1,1
2026-06-06T14:57:14.334151958+00:00,0,1,1,1,1,1,1,1
2026-06-06T14:57:14.334540333+00:00,1,1,1,1,1,1,1,1
2026-06-06T14:57:14.335027000+00:00,0,1,1,1,1,1,1,1
2026-06-06T14:57:14.335414458+00:00,1,1,1,1,1,1,1,1
2026-06-06T14:57:14.335902292+00:00,0,1,1,1,1,1,1,1
2026-06-06T14:57:14.336288708+00:00,1,1,1,1,1,1,1,1
2026-06-06T14:57:14.336774958+00:00,0,1,1,1,1,1,1,1
2026-06-06T14:57:14.337162958+00:00,1,1,1,1,1,1,1,1
2026-06-06T14:57:14.338522583+00:00,0,1,1,1,1,1,1,1
2026-06-06T14:57:14.338911333+00:00,1,1,1,1,1,1,1,1
2026-06-06T14:57:14.339398292+00:00,0,1,1,1,1,1,1,1
2026-06-06T14:57:14.339785583+00:00,1,1,1,1,1,1,1,1
2026-06-06T14:57:14.340274042+00:00,0,1,1,1,1,1,1,1
2026-06-06T14:57:14.340659750+00:00,1,1,1,1,1,1,1,1
2026-06-06T14:57:14.342019708+00:00,0,1,1,1,1,1,1,1
2026-06-06T14:57:14.342408208+00:00,1,1,1,1,1,1,1,1
2026-06-06T14:57:14.342895625+00:00,0,1,1,1,1,1,1,1
2026-06-06T14:57:14.343282417+00:00,1,1,1,1,1,1,1,1
2026-06-06T14:57:14.344642417+00:00,0,1,1,1,1,1,1,1
2026-06-06T14:57:14.345030875+00:00,1,1,1,1,1,1,1,1
2026-06-06T14:57:14.345517875+00:00,0,1,1,1,1,1,1,1
2026-06-06T14:57:14.345905125+00:00,1,1,1,1,1,1,1,1
2026-06-06T14:57:14.347263833+00:00,0,1,1,1,1,1,1,1
2026-06-06T14:57:14.347653583+00:00,1,1,1,1,1,1,1,1
2026-06-06T14:57:14.348139875+00:00,0,1,1,1,1,1,1,1
2026-06-06T14:57:14.348527792+00:00,1,1,1,1,1,1,1,1
2026-06-06T14:57:14.349015000+00:00,0,1,1,1,1,1,1,1
2026-06-06T14:57:14.349402208+00:00,1,1,1,1,1,1,1,1
2026-06-06T14:57:14.350761333+00:00,0,1,1,1,1,1,1,1
2026-06-06T14:57:14.351150542+00:00,1,1,1,1,1,1,1,1
2026-06-06T14:57:14.351636875+00:00,0,1,1,1,1,1,1,1
2026-06-06T14:57:14.352024875+00:00,1,1,1,1,1,1,1,1
2026-06-06T14:57:14.352511958+00:00,0,1,1,1,1,1,1,1
2026-06-06T14:57:14.352899083+00:00,1,1,1,1,1,1,1,1
2026-06-06T14:57:14.353385125+00:00,0,1,1,1,1,1,1,1
2026-06-06T14:57:14.353773333+00:00,1,1,1,1,1,1,1,1
2026-06-06T14:57:14.354259625+00:00,0,1,1,1,1,1,1,1
2026-06-06T14:57:14.354647625+00:00,1,1,1,1,1,1,1,1
2026-06-06T14:57:14.355134500+00:00,0,1,1,1,1,1,1,1
2026-06-06T14:57:14.355521833+00:00,1,1,1,1,1,1,1,1
2026-06-06T14:57:14.356881083+00:00,0,1,1,1,1,1,1,1
2026-06-06T14:57:14.357270250+00:00,1,1,1,1,1,1,1,1
2026-06-06T14:57:14.358629917+00:00,0,1,1,1,1,1,1,1
2026-06-06T14:57:14.359018750+00:00,1,1,1,1,1,1,1,1
2026-06-06T14:57:14.360377792+00:00,0,1,1,1,1,1,1,1
2026-06-06T14:57:14.360767333+00:00,1,1,1,1,1,1,1,1
2026-06-06T14:57:14.362125875+00:00,0,1,1,1,1,1,1,1
2026-06-06T14:57:14.362515625+00:00,1,1,1,1,1,1,1,1
2026-06-06T14:57:14.363875792+00:00,0,1,1,1,1,1,1,1
2026-06-06T14:57:14.364264208+00:00,1,1,1,1,1,1,1,1
2026-06-06T14:57:14.364751458+00:00,0,1,1,1,1,1,1,1
2026-06-06T14:57:14.365138458+00:00,1,1,1,1,1,1,1,1
2026-06-06T14:57:14.365626125+00:00,0,1,1,1,1,1,1,1
2026-06-06T14:57:14.366012667+00:00,1,1,1,1,1,1,1,1
2026-06-06T14:57:14.367371708+00:00,0,1,1,1,1,1,1,1
2026-06-06T14:57:14.367761125+00:00,1,1,1,1,1,1,1,1
2026-06-06T14:57:14.369120417+00:00,0,1,1,1,1,1,1,1
2026-06-06T14:57:14.369509583+00:00,1,1,1,1,1,1,1,1
2026-06-06T14:57:14.370869333+00:00,0,1,1,1,1,1,1,1
2026-06-06T14:57:14.371258000+00:00,1,1,1,1,1,1,1,1
2026-06-06T14:57:14.371745667+00:00,0,1,1,1,1,1,1,1
2026-06-06T14:57:14.372132333+00:00,1,1,1,1,1,1,1,1
2026-06-06T14:57:14.373492292+00:00,0,1,1,1,1,1,1,1
2026-06-06T14:57:14.373880708+00:00,1,1,1,1,1,1,1,1
2026-06-06T14:57:14.375239625+00:00,0,1,1,1,1,1,1,1
2026-06-06T14:57:14.375629333+00:00,1,1,1,1,1,1,1,1
2026-06-06T14:57:14.376115792+00:00,0,1,1,1,1,1,1,1
2026-06-06T14:57:14.376503375+00:00,1,1,1,1,1,1,1,1
2026-06-06T14:57:14.376990333+00:00,0,1,1,1,1,1,1,1
2026-06-06T14:57:14.377377667+00:00,1,1,1,1,1,1,1,1
2026-06-06T14:57:14.456857167+00:00,0,1,1,1,1,1,1,1
2026-06-06T14:57:14.460280208+00:00,1,1,1,1,1,1,1,1
2026-06-06T14:57:14.462076042+00:00,0,1,1,1,1,1,1,1
2026-06-06T14:57:14.462465292+00:00,1,1,1,1,1,1,1,1
2026-06-06T14:57:14.462950917+00:00,0,1,1,1,1,1,1,1
2026-06-06T14:57:14.463339333+00:00,1,1,1,1,1,1,1,1
2026-06-06T14:57:14.463826250+00:00,0,1,1,1,1,1,1,1
2026-06-06T14:57:14.464213625+00:00,1,1,1,1,1,1,1,1
2026-06-06T14:57:14.465572917+00:00,0,1,1,1,1,1,1,1
2026-06-06T14:57:14.465962333+00:00,1,1,1,1,1,1,1,1
2026-06-06T14:57:14.467321125+00:00,0,1,1,1,1,1,1,1
2026-06-06T14:57:14.467710708+00:00,1,1,1,1,1,1,1,1
2026-06-06T14:57:14.468196792+00:00,0,1,1,1,1,1,1,1
2026-06-06T14:57:14.468585083+00:00,1,1,1,1,1,1,1,1
2026-06-06T14:57:14.469944083+00:00,0,1,1,1,1,1,1,1
2026-06-06T14:57:14.470333458+00:00,1,1,1,1,1,1,1,1
2026-06-06T14:57:14.470819750+00:00,0,1,1,1,1,1,1,1
2026-06-06T14:57:14.471207750+00:00,1,1,1,1,1,1,1,1
2026-06-06T14:57:14.471694625+00:00,0,1,1,1,1,1,1,1
2026-06-06T14:57:14.472082042+00:00,1,1,1,1,1,1,1,1
2026-06-06T14:57:14.472569458+00:00,0,1,1,1,1,1,1,1
2026-06-06T14:57:14.472956375+00:00,1,1,1,1,1,1,1,1
2026-06-06T14:57:14.474315208+00:00,0,1,1,1,1,1,1,1
2026-06-06T14:57:14.474704542+00:00,1,1,1,1,1,1,1,1
2026-06-06T14:57:14.475191417+00:00,0,1,1,1,1,1,1,1
2026-06-06T14:57:14.475578875+00:00,1,1,1,1,1,1,1,1
2026-06-06T14:57:14.476065917+00:00,0,1,1,1,1,1,1,1
2026-06-06T14:57:14.476453125+00:00,1,1,1,1,1,1,1,1
2026-06-06T14:57:14.477812083+00:00,0,1,1,1,1,1,1,1
2026-06-06T14:57:14.478201625+00:00,1,1,1,1,1,1,1,1
2026-06-06T14:57:14.478687958+00:00,0,1,1,1,1,1,1,1
2026-06-06T14:57:14.479075792+00:00,1,1,1,1,1,1,1,1
2026-06-06T14:57:14.480434792+00:00,0,1,1,1,1,1,1,1
2026-06-06T14:57:14.480824208+00:00,1,1,1,1,1,1,1,1
2026-06-06T14:57:14.481310958+00:00,0,1,1,1,1,1,1,1
2026-06-06T14:57:14.481698417+00:00,1,1,1,1,1,1,1,1
2026-06-06T14:57:14.483057708+00:00,0,1,1,1,1,1,1,1
2026-06-06T14:57:14.483446958+00:00,1,1,1,1,1,1,1,1
2026-06-06T14:57:14.483933875+00:00,0,1,1,1,1,1,1,1
2026-06-06T14:57:14.484320958+00:00,1,1,1,1,1,1,1,1
2026-06-06T14:57:14.484807708+00:00,0,1,1,1,1,1,1,1
2026-06-06T14:57:14.485195417+00:00,1,1,1,1,1,1,1,1
2026-06-06T14:57:14.486554417+00:00,0,1,1,1,1,1,1,1
2026-06-06T14:57:14.486943958+00:00,1,1,1,1,1,1,1,1
2026-06-06T14:57:14.487430542+00:00,0,1,1,1,1,1,1,1
2026-06-06T14:57:14.487818208+00:00,1,1,1,1,1,1,1,1
2026-06-06T14:57:14.488304417+00:00,0,1,1,1,1,1,1,1
2026-06-06T14:57:14.488692417+00:00,1,1,1,1,1,1,1,1
2026-06-06T14:57:14.489177667+00:00,0,1,1,1,1,1,1,1
2026-06-06T14:57:14.489566583+00:00,1,1,1,1,1,1,1,1
2026-06-06T14:57:14.490052083+00:00,0,1,1,1,1,1,1,1
2026-06-06T14:57:14.490440917+00:00,1,1,1,1,1,1,1,1
2026-06-06T14:57:14.490928375+00:00,0,1,1,1,1,1,1,1
2026-06-06T14:57:14.491315167+00:00,1,1,1,1,1,1,1,1
2026-06-06T14:57:14.492673625+00:00,0,1,1,1,1,1,1,1
2026-06-06T14:57:14.493063667+00:00,1,1,1,1,1,1,1,1
2026-06-06T14:57:14.494423208+00:00,0,1,1,1,1,1,1,1
2026-06-06T14:57:14.494812083+00:00,1,1,1,1,1,1,1,1
2026-06-06T14:57:14.496171417+00:00,0,1,1,1,1,1,1,1
2026-06-06T14:57:14.496560583+00:00,1,1,1,1,1,1,1,1
2026-06-06T14:57:14.497919833+00:00,0,1,1,1,1,1,1,1
2026-06-06T14:57:14.498308917+00:00,1,1,1,1,1,1,1,1
2026-06-06T14:57:14.499668333+00:00,0,1,1,1,1,1,1,1
2026-06-06T14:57:14.500057375+00:00,1,1,1,1,1,1,1,1
2026-06-06T14:57:14.500543292+00:00,0,1,1,1,1,1,1,1
2026-06-06T14:57:14.500931625+00:00,1,1,1,1,1,1,1,1
2026-06-06T14:57:14.501418292+00:00,0,1,1,1,1,1,1,1
2026-06-06T14:57:14.501805792+00:00,1,1,1,1,1,1,1,1
2026-06-06T14:57:14.503164458+00:00,0,1,1,1,1,1,1,1
2026-06-06T14:57:14.503554292+00:00,1,1,1,1,1,1,1,1
2026-06-06T14:57:14.504913667+00:00,0,1,1,1,1,1,1,1
2026-06-06T14:57:14.505302583+00:00,1,1,1,1,1,1,1,1
2026-06-06T14:57:14.506662667+00:00,0,1,1,1,1,1,1,1
2026-06-06T14:57:14.507051375+00:00,1,1,1,1,1,1,1,1
2026-06-06T14:57:14.507538708+00:00,0,1,1,1,1,1,1,1
2026-06-06T14:57:14.507925500+00:00,1,1,1,1,1,1,1,1
2026-06-06T14:57:14.509284917+00:00,0,1,1,1,1,1,1,1
2026-06-06T14:57:14.509674000+00:00,1,1,1,1,1,1,1,1
2026-06-06T14:57:14.511032708+00:00,0,1,1,1,1,1,1,1
2026-06-06T14:57:14.511422583+00:00,1,1,1,1,1,1,1,1
2026-06-06T14:57:14.511908958+00:00,0,1,1,1,1,1,1,1
2026-06-06T14:57:14.512296750+00:00,1,1,1,1,1,1,1,1
2026-06-06T14:57:14.512783500+00:00,0,1,1,1,1,1,1,1
2026-06-06T14:57:14.513170792+00:00,1,1,1,1,1,1,1,1
2026-06-06T14:57:14.592651417+00:00,0,1,1,1,1,1,1,1
2026-06-06T14:57:14.596073417+00:00,1,1,1,1,1,1,1,1
2026-06-06T14:57:14.597869750+00:00,0,1,1,1,1,1,1,1
2026-06-06T14:57:14.598258500+00:00,1,1,1,1,1,1,1,1
2026-06-06T14:57:14.598744583+00:00,0,1,1,1,1,1,1,1
2026-06-06T14:57:14.599132833+00:00,1,1,1,1,1,1,1,1
2026-06-06T14:57:14.599619333+00:00,0,1,1,1,1,1,1,1
2026-06-06T14:57:14.600007000+00:00,1,1,1,1,1,1,1,1
2026-06-06T14:57:14.601365167+00:00,0,1,1,1,1,1,1,1
2026-06-06T14:57:14.601755500+00:00,1,1,1,1,1,1,1,1
2026-06-06T14:57:14.603115000+00:00,0,1,1,1,1,1,1,1
2026-06-06T14:57:14.603503917+00:00,1,1,1,1,1,1,1,1
2026-06-06T14:57:14.603990125+00:00,0,1,1,1,1,1,1,1
2026-06-06T14:57:14.604378208+00:00,1,1,1,1,1,1,1,1
2026-06-06T14:57:14.605737542+00:00,0,1,1,1,1,1,1,1
2026-06-06T14:57:14.606126542+00:00,1,1,1,1,1,1,1,1
2026-06-06T14:57:14.606612792+00:00,0,1,1,1,1,1,1,1
2026-06-06T14:57:14.607000958+00:00,1,1,1,1,1,1,1,1
2026-06-06T14:57:14.607488167+00:00,0,1,1,1,1,1,1,1
2026-06-06T14:57:14.607875167+00:00,1,1,1,1,1,1,1,1
2026-06-06T14:57:14.608361375+00:00,0,1,1,1,1,1,1,1
2026-06-06T14:57:14.608749417+00:00,1,1,1,1,1,1,1,1
2026-06-06T14:57:14.610109333+00:00,0,1,1,1,1,1,1,1
2026-06-06T14:57:14.610497917+00:00,1,1,1,1,1,1,1,1
2026-06-06T14:57:14.610984375+00:00,0,1,1,1,1,1,1,1
2026-06-06T14:57:14.611372125+00:00,1,1,1,1,1,1,1,1
2026-06-06T14:57:14.611859167+00:00,0,1,1,1,1,1,1,1
2026-06-06T14:57:14.612246333+00:00,1,1,1,1,1,1,1,1
2026-06-06T14:57:14.613605500+00:00,0,1,1,1,1,1,1,1
2026-06-06T14:57:14.613994792+00:00,1,1,1,1,1,1,1,1
2026-06-06T14:57:14.614481125+00:00,0,1,1,1,1,1,1,1
2026-06-06T14:57:14.614869042+00:00,1,1,1,1,1,1,1,1
2026-06-06T14:57:14.616227375+00:00,0,1,1,1,1,1,1,1
2026-06-06T14:57:14.616617500+00:00,1,1,1,1,1,1,1,1
2026-06-06T14:57:14.617104375+00:00,0,1,1,1,1,1,1,1
2026-06-06T14:57:14.617491667+00:00,1,1,1,1,1,1,1,1
2026-06-06T14:57:14.618851125+00:00,0,1,1,1,1,1,1,1
2026-06-06T14:57:14.619240125+00:00,1,1,1,1,1,1,1,1
2026-06-06T14:57:14.619726917+00:00,0,1,1,1,1,1,1,1
2026-06-06T14:57:14.620114333+00:00,1,1,1,1,1,1,1,1
2026-06-06T14:57:14.620600875+00:00,0,1,1,1,1,1,1,1
2026-06-06T14:57:14.620988542+00:00,1,1,1,1,1,1,1,1
2026-06-06T14:57:14.622348167+00:00,0,1,1,1,1,1,1,1
2026-06-06T14:57:14.622737125+00:00,1,1,1,1,1,1,1,1
2026-06-06T14:57:14.623223958+00:00,0,1,1,1,1,1,1,1
2026-06-06T14:57:14.623611292+00:00,1,1,1,1,1,1,1,1
2026-06-06T14:57:14.624097458+00:00,0,1,1,1,1,1,1,1
2026-06-06T14:57:14.624485542+00:00,1,1,1,1,1,1,1,1
2026-06-06T14:57:14.624972208+00:00,0,1,1,1,1,1,1,1
2026-06-06T14:57:14.625359708+00:00,1,1,1,1,1,1,1,1
2026-06-06T14:57:14.625846042+00:00,0,1,1,1,1,1,1,1
2026-06-06T14:57:14.626234083+00:00,1,1,1,1,1,1,1,1
2026-06-06T14:57:14.626721792+00:00,0,1,1,1,1,1,1,1
2026-06-06T14:57:14.627108333+00:00,1,1,1,1,1,1,1,1
2026-06-06T14:57:14.628467667+00:00,0,1,1,1,1,1,1,1
2026-06-06T14:57:14.628856750+00:00,1,1,1,1,1,1,1,1
2026-06-06T14:57:14.630215875+00:00,0,1,1,1,1,1,1,1
2026-06-06T14:57:14.630605250+00:00,1,1,1,1,1,1,1,1
2026-06-06T14:57:14.631964667+00:00,0,1,1,1,1,1,1,1
2026-06-06T14:57:14.632353708+00:00,1,1,1,1,1,1,1,1
2026-06-06T14:57:14.633712792+00:00,0,1,1,1,1,1,1,1
2026-06-06T14:57:14.634102042+00:00,1,1,1,1,1,1,1,1
2026-06-06T14:57:14.635461667+00:00,0,1,1,1,1,1,1,1
2026-06-06T14:57:14.635850542+00:00,1,1,1,1,1,1,1,1
2026-06-06T14:57:14.636337417+00:00,0,1,1,1,1,1,1,1
2026-06-06T14:57:14.636724750+00:00,1,1,1,1,1,1,1,1
2026-06-06T14:57:14.637211833+00:00,0,1,1,1,1,1,1,1
2026-06-06T14:57:14.637599042+00:00,1,1,1,1,1,1,1,1
2026-06-06T14:57:14.638958667+00:00,0,1,1,1,1,1,1,1
2026-06-06T14:57:14.639347417+00:00,1,1,1,1,1,1,1,1
2026-06-06T14:57:14.640707250+00:00,0,1,1,1,1,1,1,1
2026-06-06T14:57:14.641095958+00:00,1,1,1,1,1,1,1,1
2026-06-06T14:57:14.642455917+00:00,0,1,1,1,1,1,1,1
2026-06-06T14:57:14.642844625+00:00,1,1,1,1,1,1,1,1
2026-06-06T14:57:14.643331292+00:00,0,1,1,1,1,1,1,1
2026-06-06T14:57:14.643718667+00:00,1,1,1,1,1,1,1,1
2026-06-06T14:57:14.645078042+00:00,0,1,1,1,1,1,1,1
2026-06-06T14:57:14.645467250+00:00,1,1,1,1,1,1,1,1
2026-06-06T14:57:14.646826042+00:00,0,1,1,1,1,1,1,1
2026-06-06T14:57:14.647215625+00:00,1,1,1,1,1,1,1,1
2026-06-06T14:57:14.647702917+00:00,0,1,1,1,1,1,1,1
2026-06-06T14:57:14.648089917+00:00,1,1,1,1,1,1,1,1
2026-06-06T14:57:14.648577042+00:00,0,1,1,1,1,1,1,1
2026-06-06T14:57:14.648964125+00:00,1,1,1,1,1,1,1,1
2026-06-06T14:57:14.728443833+00:00,0,1,1,1,1,1,1,1
2026-06-06T14:57:14.731866708+00:00,1,1,1,1,1,1,1,1
2026-06-06T14:57:14.733662500+00:00,0,1,1,1,1,1,1,1
2026-06-06T14:57:14.734051625+00:00,1,1,1,1,1,1,1,1
2026-06-06T14:57:14.734537542+00:00,0,1,1,1,1,1,1,1
2026-06-06T14:57:14.734925792+00:00,1,1,1,1,1,1,1,1
2026-06-06T14:57:14.735411958+00:00,0,1,1,1,1,1,1,1
2026-06-06T14:57:14.735800042+00:00,1,1,1,1,1,1,1,1
2026-06-06T14:57:14.737159500+00:00,0,1,1,1,1,1,1,1
2026-06-06T14:57:14.737548583+00:00,1,1,1,1,1,1,1,1
2026-06-06T14:57:14.738907333+00:00,0,1,1,1,1,1,1,1
2026-06-06T14:57:14.739297000+00:00,1,1,1,1,1,1,1,1
2026-06-06T14:57:14.739783417+00:00,0,1,1,1,1,1,1,1
2026-06-06T14:57:14.740171417+00:00,1,1,1,1,1,1,1,1
2026-06-06T14:57:14.741529292+00:00,0,1,1,1,1,1,1,1
2026-06-06T14:57:14.741919917+00:00,1,1,1,1,1,1,1,1
2026-06-06T14:57:14.742405625+00:00,0,1,1,1,1,1,1,1
2026-06-06T14:57:14.742794208+00:00,1,1,1,1,1,1,1,1
2026-06-06T14:57:14.743281292+00:00,0,1,1,1,1,1,1,1
2026-06-06T14:57:14.743668417+00:00,1,1,1,1,1,1,1,1
2026-06-06T14:57:14.744155542+00:00,0,1,1,1,1,1,1,1
2026-06-06T14:57:14.744542417+00:00,1,1,1,1,1,1,1,1
2026-06-06T14:57:14.745901458+00:00,0,1,1,1,1,1,1,1
2026-06-06T14:57:14.746291042+00:00,1,1,1,1,1,1,1,1
2026-06-06T14:57:14.746777167+00:00,0,1,1,1,1,1,1,1
2026-06-06T14:57:14.747165333+00:00,1,1,1,1,1,1,1,1
2026-06-06T14:57:14.747651500+00:00,0,1,1,1,1,1,1,1
2026-06-06T14:57:14.748039667+00:00,1,1,1,1,1,1,1,1
2026-06-06T14:57:14.749398208+00:00,0,1,1,1,1,1,1,1
2026-06-06T14:57:14.749787917+00:00,1,1,1,1,1,1,1,1
2026-06-06T14:57:14.750274375+00:00,0,1,1,1,1,1,1,1
2026-06-06T14:57:14.750662250+00:00,1,1,1,1,1,1,1,1
2026-06-06T14:57:14.752020917+00:00,0,1,1,1,1,1,1,1
2026-06-06T14:57:14.752410625+00:00,1,1,1,1,1,1,1,1
2026-06-06T14:57:14.752898000+00:00,0,1,1,1,1,1,1,1
2026-06-06T14:57:14.753284875+00:00,1,1,1,1,1,1,1,1
2026-06-06T14:57:14.754643000+00:00,0,1,1,1,1,1,1,1
2026-06-06T14:57:14.755033292+00:00,1,1,1,1,1,1,1,1
2026-06-06T14:57:14.755519625+00:00,0,1,1,1,1,1,1,1
2026-06-06T14:57:14.755907625+00:00,1,1,1,1,1,1,1,1
2026-06-06T14:57:14.756394583+00:00,0,1,1,1,1,1,1,1
2026-06-06T14:57:14.756782042+00:00,1,1,1,1,1,1,1,1
2026-06-06T14:57:14.758140792+00:00,0,1,1,1,1,1,1,1
2026-06-06T14:57:14.758530250+00:00,1,1,1,1,1,1,1,1
2026-06-06T14:57:14.759016333+00:00,0,1,1,1,1,1,1,1
2026-06-06T14:57:14.759404625+00:00,1,1,1,1,1,1,1,1
2026-06-06T14:57:14.759891375+00:00,0,1,1,1,1,1,1,1
2026-06-06T14:57:14.760278917+00:00,1,1,1,1,1,1,1,1
2026-06-06T14:57:14.760764833+00:00,0,1,1,1,1,1,1,1
2026-06-06T14:57:14.761153125+00:00,1,1,1,1,1,1,1,1
2026-06-06T14:57:14.761639792+00:00,0,1,1,1,1,1,1,1
2026-06-06T14:57:14.762027250+00:00,1,1,1,1,1,1,1,1
2026-06-06T14:57:14.762513375+00:00,0,1,1,1,1,1,1,1
2026-06-06T14:57:14.762901542+00:00,1,1,1,1,1,1,1,1
2026-06-06T14:57:14.764260375+00:00,0,1,1,1,1,1,1,1
2026-06-06T14:57:14.764650000+00:00,1,1,1,1,1,1,1,1
2026-06-06T14:57:14.766009333+00:00,0,1,1,1,1,1,1,1
2026-06-06T14:57:14.766398417+00:00,1,1,1,1,1,1,1,1
2026-06-06T14:57:14.767757917+00:00,0,1,1,1,1,1,1,1
2026-06-06T14:57:14.768147125+00:00,1,1,1,1,1,1,1,1
2026-06-06T14:57:14.769505375+00:00,0,1,1,1,1,1,1,1
2026-06-06T14:57:14.769895375+00:00,1,1,1,1,1,1,1,1
2026-06-06T14:57:14.771254792+00:00,0,1,1,1,1,1,1,1
2026-06-06T14:57:14.771643875+00:00,1,1,1,1,1,1,1,1
2026-06-06T14:57:14.772130333+00:00,0,1,1,1,1,1,1,1
2026-06-06T14:57:14.772518208+00:00,1,1,1,1,1,1,1,1
2026-06-06T14:57:14.773004833+00:00,0,1,1,1,1,1,1,1
2026-06-06T14:57:14.773392208+00:00,1,1,1,1,1,1,1,1
2026-06-06T14:57:14.774751500+00:00,0,1,1,1,1,1,1,1
2026-06-06T14:57:14.775141000+00:00,1,1,1,1,1,1,1,1
2026-06-06T14:57:14.776500208+00:00,0,1,1,1,1,1,1,1
2026-06-06T14:57:14.776889375+00:00,1,1,1,1,1,1,1,1
2026-06-06T14:57:14.778248083+00:00,0,1,1,1,1,1,1,1
2026-06-06T14:57:14.778637917+00:00,1,1,1,1,1,1,1,1
2026-06-06T14:57:14.779123958+00:00,0,1,1,1,1,1,1,1
2026-06-06T14:57:14.779512167+00:00,1,1,1,1,1,1,1,1
2026-06-06T14:57:14.780871583+00:00,0,1,1,1,1,1,1,1
2026-06-06T14:57:14.781260625+00:00,1,1,1,1,1,1,1,1
2026-06-06T14:57:14.782619250+00:00,0,1,1,1,1,1,1,1
2026-06-06T14:57:14.783009000+00:00,1,1,1,1,1,1,1,1
2026-06-06T14:57:14.783495000+00:00,0,1,1,1,1,1,1,1
2026-06-06T14:57:14.783883333+00:00,1,1,1,1,1,1,1,1
2026-06-06T14:57:14.784369875+00:00,0,1,1,1,1,1,1,1
2026-06-06T14:57:14.784757458+00:00,1,1,1,1,1,1,1,1
2026-06-06T14:57:14.864273792+00:00,0,1,1,1,1,1,1,1
2026-06-06T14:57:14.867695875+00:00,1,1,1,1,1,1,1,1
2026-06-06T14:57:14.869492125+00:00,0,1,1,1,1,1,1,1
2026-06-06T14:57:14.869881125+00:00,1,1,1,1,1,1,1,1
2026-06-06T14:57:14.870367167+00:00,0,1,1,1,1,1,1,1
2026-06-06T14:57:14.870755250+00:00,1,1,1,1,1,1,1,1
2026-06-06T14:57:14.871242375+00:00,0,1,1,1,1,1,1,1
2026-06-06T14:57:14.871629625+00:00,1,1,1,1,1,1,1,1
2026-06-06T14:57:14.872989625+00:00,0,1,1,1,1,1,1,1
2026-06-06T14:57:14.873378208+00:00,1,1,1,1,1,1,1,1
2026-06-06T14:57:14.874737292+00:00,0,1,1,1,1,1,1,1
2026-06-06T14:57:14.875126625+00:00,1,1,1,1,1,1,1,1
2026-06-06T14:57:14.875613458+00:00,0,1,1,1,1,1,1,1
2026-06-06T14:57:14.876001000+00:00,1,1,1,1,1,1,1,1
2026-06-06T14:57:14.877361083+00:00,0,1,1,1,1,1,1,1
2026-06-06T14:57:14.877749167+00:00,1,1,1,1,1,1,1,1
2026-06-06T14:57:14.878236125+00:00,0,1,1,1,1,1,1,1
2026-06-06T14:57:14.878623458+00:00,1,1,1,1,1,1,1,1
2026-06-06T14:57:14.879111083+00:00,0,1,1,1,1,1,1,1
2026-06-06T14:57:14.879497708+00:00,1,1,1,1,1,1,1,1
2026-06-06T14:57:14.879985000+00:00,0,1,1,1,1,1,1,1
2026-06-06T14:57:14.880372000+00:00,1,1,1,1,1,1,1,1
2026-06-06T14:57:14.881732125+00:00,0,1,1,1,1,1,1,1
2026-06-06T14:57:14.882120417+00:00,1,1,1,1,1,1,1,1
2026-06-06T14:57:14.882607542+00:00,0,1,1,1,1,1,1,1
2026-06-06T14:57:14.882994750+00:00,1,1,1,1,1,1,1,1
2026-06-06T14:57:14.883481167+00:00,0,1,1,1,1,1,1,1
2026-06-06T14:57:14.883869083+00:00,1,1,1,1,1,1,1,1
2026-06-06T14:57:14.885228125+00:00,0,1,1,1,1,1,1,1
2026-06-06T14:57:14.885617417+00:00,1,1,1,1,1,1,1,1
2026-06-06T14:57:14.886103708+00:00,0,1,1,1,1,1,1,1
2026-06-06T14:57:14.886491542+00:00,1,1,1,1,1,1,1,1
2026-06-06T14:57:14.887851583+00:00,0,1,1,1,1,1,1,1
2026-06-06T14:57:14.888240083+00:00,1,1,1,1,1,1,1,1
2026-06-06T14:57:14.888727375+00:00,0,1,1,1,1,1,1,1
2026-06-06T14:57:14.889114417+00:00,1,1,1,1,1,1,1,1
2026-06-06T14:57:14.890473083+00:00,0,1,1,1,1,1,1,1
2026-06-06T14:57:14.890862750+00:00,1,1,1,1,1,1,1,1
2026-06-06T14:57:14.891349292+00:00,0,1,1,1,1,1,1,1
2026-06-06T14:57:14.891736917+00:00,1,1,1,1,1,1,1,1
2026-06-06T14:57:14.892224292+00:00,0,1,1,1,1,1,1,1
2026-06-06T14:57:14.892611292+00:00,1,1,1,1,1,1,1,1
2026-06-06T14:57:14.893971333+00:00,0,1,1,1,1,1,1,1
2026-06-06T14:57:14.894359750+00:00,1,1,1,1,1,1,1,1
2026-06-06T14:57:14.894846625+00:00,0,1,1,1,1,1,1,1
2026-06-06T14:57:14.895234000+00:00,1,1,1,1,1,1,1,1
2026-06-06T14:57:14.895721125+00:00,0,1,1,1,1,1,1,1
2026-06-06T14:57:14.896108292+00:00,1,1,1,1,1,1,1,1
2026-06-06T14:57:14.896594708+00:00,0,1,1,1,1,1,1,1
2026-06-06T14:57:14.896982500+00:00,1,1,1,1,1,1,1,1
2026-06-06T14:57:14.897470167+00:00,0,1,1,1,1,1,1,1
2026-06-06T14:57:14.897856625+00:00,1,1,1,1,1,1,1,1
2026-06-06T14:57:14.898343542+00:00,0,1,1,1,1,1,1,1
2026-06-06T14:57:14.898731042+00:00,1,1,1,1,1,1,1,1
2026-06-06T14:57:14.900090083+00:00,0,1,1,1,1,1,1,1
2026-06-06T14:57:14.900479542+00:00,1,1,1,1,1,1,1,1
2026-06-06T14:57:14.901839667+00:00,0,1,1,1,1,1,1,1
2026-06-06T14:57:14.902227958+00:00,1,1,1,1,1,1,1,1
2026-06-06T14:57:14.903587250+00:00,0,1,1,1,1,1,1,1
2026-06-06T14:57:14.903976375+00:00,1,1,1,1,1,1,1,1
2026-06-06T14:57:14.905335792+00:00,0,1,1,1,1,1,1,1
2026-06-06T14:57:14.905724625+00:00,1,1,1,1,1,1,1,1
2026-06-06T14:57:14.907084125+00:00,0,1,1,1,1,1,1,1
2026-06-06T14:57:14.907473250+00:00,1,1,1,1,1,1,1,1
2026-06-06T14:57:14.907959750+00:00,0,1,1,1,1,1,1,1
2026-06-06T14:57:14.908347375+00:00,1,1,1,1,1,1,1,1
2026-06-06T14:57:14.908834958+00:00,0,1,1,1,1,1,1,1
2026-06-06T14:57:14.909221708+00:00,1,1,1,1,1,1,1,1
2026-06-06T14:57:14.910581042+00:00,0,1,1,1,1,1,1,1
2026-06-06T14:57:14.910970167+00:00,1,1,1,1,1,1,1,1
2026-06-06T14:57:14.912329958+00:00,0,1,1,1,1,1,1,1
2026-06-06T14:57:14.912718583+00:00,1,1,1,1,1,1,1,1
2026-06-06T14:57:14.914078208+00:00,0,1,1,1,1,1,1,1
2026-06-06T14:57:14.914467208+00:00,1,1,1,1,1,1,1,1
2026-06-06T14:57:14.914954375+00:00,0,1,1,1,1,1,1,1
2026-06-06T14:57:14.915341375+00:00,1,1,1,1,1,1,1,1
2026-06-06T14:57:14.916701333+00:00,0,1,1,1,1,1,1,1
2026-06-06T14:57:14.917089833+00:00,1,1,1,1,1,1,1,1
2026-06-06T14:57:14.918449250+00:00,0,1,1,1,1,1,1,1
2026-06-06T14:57:14.918838167+00:00,1,1,1,1,1,1,1,1
2026-06-06T14:57:14.919323500+00:00,0,1,1,1,1,1,1,1
2026-06-06T14:57:14.919712458+00:00,1,1,1,1,1,1,1,1
2026-06-06T14:57:14.920199458+00:00,0,1,1,1,1,1,1,1
2026-06-06T14:57:14.920586708+00:00,1,1,1,1,1,1,1,1
2026-06-06T14:57:15.000072875+00:00,0,1,1,1,1,1,1,1
2026-06-06T14:57:15.003495292+00:00,1,1,1,1,1,1,1,1
2026-06-06T14:57:15.005290583+00:00,0,1,1,1,1,1,1,1
2026-06-06T14:57:15.005680417+00:00,1,1,1,1,1,1,1,1
2026-06-06T14:57:15.006167958+00:00,0,1,1,1,1,1,1,1
2026-06-06T14:57:15.006554542+00:00,1,1,1,1,1,1,1,1
2026-06-06T14:57:15.007041917+00:00,0,1,1,1,1,1,1,1
2026-06-06T14:57:15.007428792+00:00,1,1,1,1,1,1,1,1
2026-06-06T14:57:15.008788000+00:00,0,1,1,1,1,1,1,1
2026-06-06T14:57:15.009177208+00:00,1,1,1,1,1,1,1,1
2026-06-06T14:57:15.010535500+00:00,0,1,1,1,1,1,1,1
2026-06-06T14:57:15.010925708+00:00,1,1,1,1,1,1,1,1
2026-06-06T14:57:15.011411667+00:00,0,1,1,1,1,1,1,1
2026-06-06T14:57:15.011799917+00:00,1,1,1,1,1,1,1,1
2026-06-06T14:57:15.013158833+00:00,0,1,1,1,1,1,1,1
2026-06-06T14:57:15.013548292+00:00,1,1,1,1,1,1,1,1
2026-06-06T14:57:15.014036083+00:00,0,1,1,1,1,1,1,1
2026-06-06T14:57:15.014422625+00:00,1,1,1,1,1,1,1,1
2026-06-06T14:57:15.014909958+00:00,0,1,1,1,1,1,1,1
2026-06-06T14:57:15.015296875+00:00,1,1,1,1,1,1,1,1
2026-06-06T14:57:15.015784333+00:00,0,1,1,1,1,1,1,1
2026-06-06T14:57:15.016171125+00:00,1,1,1,1,1,1,1,1
2026-06-06T14:57:15.017530375+00:00,0,1,1,1,1,1,1,1
2026-06-06T14:57:15.017919708+00:00,1,1,1,1,1,1,1,1
2026-06-06T14:57:15.018406542+00:00,0,1,1,1,1,1,1,1
2026-06-06T14:57:15.018793875+00:00,1,1,1,1,1,1,1,1
2026-06-06T14:57:15.019281375+00:00,0,1,1,1,1,1,1,1
2026-06-06T14:57:15.019667917+00:00,1,1,1,1,1,1,1,1
2026-06-06T14:57:15.021026708+00:00,0,1,1,1,1,1,1,1
2026-06-06T14:57:15.021416500+00:00,1,1,1,1,1,1,1,1
2026-06-06T14:57:15.021903042+00:00,0,1,1,1,1,1,1,1
2026-06-06T14:57:15.022290750+00:00,1,1,1,1,1,1,1,1
2026-06-06T14:57:15.023650875+00:00,0,1,1,1,1,1,1,1
2026-06-06T14:57:15.024039208+00:00,1,1,1,1,1,1,1,1
2026-06-06T14:57:15.024526042+00:00,0,1,1,1,1,1,1,1
2026-06-06T14:57:15.024913458+00:00,1,1,1,1,1,1,1,1
2026-06-06T14:57:15.026272708+00:00,0,1,1,1,1,1,1,1
2026-06-06T14:57:15.026661833+00:00,1,1,1,1,1,1,1,1
2026-06-06T14:57:15.027149125+00:00,0,1,1,1,1,1,1,1
2026-06-06T14:57:15.027536167+00:00,1,1,1,1,1,1,1,1
2026-06-06T14:57:15.028023375+00:00,0,1,1,1,1,1,1,1
2026-06-06T14:57:15.028410417+00:00,1,1,1,1,1,1,1,1
2026-06-06T14:57:15.029770375+00:00,0,1,1,1,1,1,1,1
2026-06-06T14:57:15.030159042+00:00,1,1,1,1,1,1,1,1
2026-06-06T14:57:15.030645250+00:00,0,1,1,1,1,1,1,1
2026-06-06T14:57:15.031033167+00:00,1,1,1,1,1,1,1,1
2026-06-06T14:57:15.031520833+00:00,0,1,1,1,1,1,1,1
2026-06-06T14:57:15.031907500+00:00,1,1,1,1,1,1,1,1
2026-06-06T14:57:15.032394333+00:00,0,1,1,1,1,1,1,1
2026-06-06T14:57:15.032781542+00:00,1,1,1,1,1,1,1,1
2026-06-06T14:57:15.033268750+00:00,0,1,1,1,1,1,1,1
2026-06-06T14:57:15.033655833+00:00,1,1,1,1,1,1,1,1
2026-06-06T14:57:15.034142208+00:00,0,1,1,1,1,1,1,1
2026-06-06T14:57:15.034530042+00:00,1,1,1,1,1,1,1,1
2026-06-06T14:57:15.035889875+00:00,0,1,1,1,1,1,1,1
2026-06-06T14:57:15.036278542+00:00,1,1,1,1,1,1,1,1
2026-06-06T14:57:15.037637333+00:00,0,1,1,1,1,1,1,1
2026-06-06T14:57:15.038026833+00:00,1,1,1,1,1,1,1,1
2026-06-06T14:57:15.039385625+00:00,0,1,1,1,1,1,1,1
2026-06-06T14:57:15.039775250+00:00,1,1,1,1,1,1,1,1
2026-06-06T14:57:15.041135083+00:00,0,1,1,1,1,1,1,1
2026-06-06T14:57:15.041523875+00:00,1,1,1,1,1,1,1,1
2026-06-06T14:57:15.042883917+00:00,0,1,1,1,1,1,1,1
2026-06-06T14:57:15.043272333+00:00,1,1,1,1,1,1,1,1
2026-06-06T14:57:15.043758833+00:00,0,1,1,1,1,1,1,1
2026-06-06T14:57:15.044146583+00:00,1,1,1,1,1,1,1,1
2026-06-06T14:57:15.044633542+00:00,0,1,1,1,1,1,1,1
2026-06-06T14:57:15.045020958+00:00,1,1,1,1,1,1,1,1
2026-06-06T14:57:15.046379542+00:00,0,1,1,1,1,1,1,1
2026-06-06T14:57:15.046769292+00:00,1,1,1,1,1,1,1,1
2026-06-06T14:57:15.048128833+00:00,0,1,1,1,1,1,1,1
2026-06-06T14:57:15.048517667+00:00,1,1,1,1,1,1,1,1
2026-06-06T14:57:15.049877042+00:00,0,1,1,1,1,1,1,1
2026-06-06T14:57:15.050266292+00:00,1,1,1,1,1,1,1,1
2026-06-06T14:57:15.050752833+00:00,0,1,1,1,1,1,1,1
2026-06-06T14:57:15.051140625+00:00,1,1,1,1,1,1,1,1
2026-06-06T14:57:15.052500167+00:00,0,1,1,1,1,1,1,1
2026-06-06T14:57:15.052889000+00:00,1,1,1,1,1,1,1,1
2026-06-06T14:57:15.054248292+00:00,0,1,1,1,1,1,1,1
2026-06-06T14:57:15.054637458+00:00,1,1,1,1,1,1,1,1
2026-06-06T14:57:15.055124292+00:00,0,1,1,1,1,1,1,1
2026-06-06T14:57:15.055511667+00:00,1,1,1,1,1,1,1,1
2026-06-06T14:57:15.055997708+00:00,0,1,1,1,1,1,1,1
2026-06-06T14:57:15.056385958+00:00,1,1,1,1,1,1,1,1
2026-06-06T14:57:15.135872167+00:00,0,1,1,1,1,1,1,1
2026-06-06T14:57:15.139294458+00:00,1,1,1,1,1,1,1,1
2026-06-06T14:57:15.141091583+00:00,0,1,1,1,1,1,1,1
2026-06-06T14:57:15.141479417+00:00,1,1,1,1,1,1,1,1
2026-06-06T14:57:15.141966583+00:00,0,1,1,1,1,1,1,1
2026-06-06T14:57:15.142353625+00:00,1,1,1,1,1,1,1,1
2026-06-06T14:57:15.142841125+00:00,0,1,1,1,1,1,1,1
2026-06-06T14:57:15.143227917+00:00,1,1,1,1,1,1,1,1
2026-06-06T14:57:15.144586417+00:00,0,1,1,1,1,1,1,1
2026-06-06T14:57:15.144976458+00:00,1,1,1,1,1,1,1,1
2026-06-06T14:57:15.146335375+00:00,0,1,1,1,1,1,1,1
2026-06-06T14:57:15.146724958+00:00,1,1,1,1,1,1,1,1
2026-06-06T14:57:15.147211458+00:00,0,1,1,1,1,1,1,1
2026-06-06T14:57:15.147599208+00:00,1,1,1,1,1,1,1,1
2026-06-06T14:57:15.148958625+00:00,0,1,1,1,1,1,1,1
2026-06-06T14:57:15.149347667+00:00,1,1,1,1,1,1,1,1
2026-06-06T14:57:15.149834875+00:00,0,1,1,1,1,1,1,1
2026-06-06T14:57:15.150221958+00:00,1,1,1,1,1,1,1,1
2026-06-06T14:57:15.150707875+00:00,0,1,1,1,1,1,1,1
2026-06-06T14:57:15.151096083+00:00,1,1,1,1,1,1,1,1
2026-06-06T14:57:15.151583833+00:00,0,1,1,1,1,1,1,1
2026-06-06T14:57:15.151970458+00:00,1,1,1,1,1,1,1,1
2026-06-06T14:57:15.153328958+00:00,0,1,1,1,1,1,1,1
2026-06-06T14:57:15.153718833+00:00,1,1,1,1,1,1,1,1
2026-06-06T14:57:15.154206167+00:00,0,1,1,1,1,1,1,1
2026-06-06T14:57:15.154592958+00:00,1,1,1,1,1,1,1,1
2026-06-06T14:57:15.155079708+00:00,0,1,1,1,1,1,1,1
2026-06-06T14:57:15.155467208+00:00,1,1,1,1,1,1,1,1
2026-06-06T14:57:15.156826833+00:00,0,1,1,1,1,1,1,1
2026-06-06T14:57:15.157215667+00:00,1,1,1,1,1,1,1,1
2026-06-06T14:57:15.157703167+00:00,0,1,1,1,1,1,1,1
2026-06-06T14:57:15.158090000+00:00,1,1,1,1,1,1,1,1
2026-06-06T14:57:15.159448875+00:00,0,1,1,1,1,1,1,1
2026-06-06T14:57:15.159838500+00:00,1,1,1,1,1,1,1,1
2026-06-06T14:57:15.160325750+00:00,0,1,1,1,1,1,1,1
2026-06-06T14:57:15.160712750+00:00,1,1,1,1,1,1,1,1
2026-06-06T14:57:15.162071833+00:00,0,1,1,1,1,1,1,1
2026-06-06T14:57:15.162461208+00:00,1,1,1,1,1,1,1,1
2026-06-06T14:57:15.162948375+00:00,0,1,1,1,1,1,1,1
2026-06-06T14:57:15.163335292+00:00,1,1,1,1,1,1,1,1
2026-06-06T14:57:15.163822458+00:00,0,1,1,1,1,1,1,1
2026-06-06T14:57:15.164209708+00:00,1,1,1,1,1,1,1,1
2026-06-06T14:57:15.165570000+00:00,0,1,1,1,1,1,1,1
2026-06-06T14:57:15.165958042+00:00,1,1,1,1,1,1,1,1
2026-06-06T14:57:15.166445667+00:00,0,1,1,1,1,1,1,1
2026-06-06T14:57:15.166832292+00:00,1,1,1,1,1,1,1,1
2026-06-06T14:57:15.167318958+00:00,0,1,1,1,1,1,1,1
2026-06-06T14:57:15.167706333+00:00,1,1,1,1,1,1,1,1
2026-06-06T14:57:15.168193625+00:00,0,1,1,1,1,1,1,1
2026-06-06T14:57:15.168580625+00:00,1,1,1,1,1,1,1,1
2026-06-06T14:57:15.169067042+00:00,0,1,1,1,1,1,1,1
2026-06-06T14:57:15.169454958+00:00,1,1,1,1,1,1,1,1
2026-06-06T14:57:15.169943583+00:00,0,1,1,1,1,1,1,1
2026-06-06T14:57:15.170329167+00:00,1,1,1,1,1,1,1,1
2026-06-06T14:57:15.171687208+00:00,0,1,1,1,1,1,1,1
2026-06-06T14:57:15.172077583+00:00,1,1,1,1,1,1,1,1
2026-06-06T14:57:15.173436583+00:00,0,1,1,1,1,1,1,1
2026-06-06T14:57:15.173826208+00:00,1,1,1,1,1,1,1,1
2026-06-06T14:57:15.175186750+00:00,0,1,1,1,1,1,1,1
2026-06-06T14:57:15.175574708+00:00,1,1,1,1,1,1,1,1
2026-06-06T14:57:15.176934250+00:00,0,1,1,1,1,1,1,1
2026-06-06T14:57:15.177323083+00:00,1,1,1,1,1,1,1,1
2026-06-06T14:57:15.178682458+00:00,0,1,1,1,1,1,1,1
2026-06-06T14:57:15.179071583+00:00,1,1,1,1,1,1,1,1
2026-06-06T14:57:15.179557833+00:00,0,1,1,1,1,1,1,1
2026-06-06T14:57:15.179945917+00:00,1,1,1,1,1,1,1,1
2026-06-06T14:57:15.180432958+00:00,0,1,1,1,1,1,1,1
2026-06-06T14:57:15.180820208+00:00,1,1,1,1,1,1,1,1
2026-06-06T14:57:15.182179375+00:00,0,1,1,1,1,1,1,1
2026-06-06T14:57:15.182568583+00:00,1,1,1,1,1,1,1,1
2026-06-06T14:57:15.183928583+00:00,0,1,1,1,1,1,1,1
2026-06-06T14:57:15.184316917+00:00,1,1,1,1,1,1,1,1
2026-06-06T14:57:15.185676917+00:00,0,1,1,1,1,1,1,1
2026-06-06T14:57:15.186065458+00:00,1,1,1,1,1,1,1,1
2026-06-06T14:57:15.186552208+00:00,0,1,1,1,1,1,1,1
2026-06-06T14:57:15.186939625+00:00,1,1,1,1,1,1,1,1
2026-06-06T14:57:15.188299000+00:00,0,1,1,1,1,1,1,1
2026-06-06T14:57:15.188688083+00:00,1,1,1,1,1,1,1,1
2026-06-06T14:57:15.190048292+00:00,0,1,1,1,1,1,1,1
2026-06-06T14:57:15.190436583+00:00,1,1,1,1,1,1,1,1
2026-06-06T14:57:15.190923292+00:00,0,1,1,1,1,1,1,1
2026-06-06T14:57:15.191310792+00:00,1,1,1,1,1,1,1,1
2026-06-06T14:57:15.191797958+00:00,0,1,1,1,1,1,1,1
2026-06-06T14:57:15.192185000+00:00,1,1,1,1,1,1,1,1
2026-06-06T14:57:15.271672083+00:00,0,1,1,1,1,1,1,1
2026-06-06T14:57:15.275093375+00:00,1,1,1,1,1,1,1,1
2026-06-06T14:57:15.276888917+00:00,0,1,1,1,1,1,1,1
2026-06-06T14:57:15.277278542+00:00,1,1,1,1,1,1,1,1
2026-06-06T14:57:15.277765333+00:00,0,1,1,1,1,1,1,1
2026-06-06T14:57:15.278152792+00:00,1,1,1,1,1,1,1,1
2026-06-06T14:57:15.278639250+00:00,0,1,1,1,1,1,1,1
2026-06-06T14:57:15.279026917+00:00,1,1,1,1,1,1,1,1
2026-06-06T14:57:15.280386167+00:00,0,1,1,1,1,1,1,1
2026-06-06T14:57:15.280775250+00:00,1,1,1,1,1,1,1,1
2026-06-06T14:57:15.282134917+00:00,0,1,1,1,1,1,1,1
2026-06-06T14:57:15.282523875+00:00,1,1,1,1,1,1,1,1
2026-06-06T14:57:15.283011292+00:00,0,1,1,1,1,1,1,1
2026-06-06T14:57:15.283398208+00:00,1,1,1,1,1,1,1,1
2026-06-06T14:57:15.284757958+00:00,0,1,1,1,1,1,1,1
2026-06-06T14:57:15.285146542+00:00,1,1,1,1,1,1,1,1
2026-06-06T14:57:15.285633750+00:00,0,1,1,1,1,1,1,1
2026-06-06T14:57:15.286020875+00:00,1,1,1,1,1,1,1,1
2026-06-06T14:57:15.286507625+00:00,0,1,1,1,1,1,1,1
2026-06-06T14:57:15.286895167+00:00,1,1,1,1,1,1,1,1
2026-06-06T14:57:15.287382458+00:00,0,1,1,1,1,1,1,1
2026-06-06T14:57:15.287769333+00:00,1,1,1,1,1,1,1,1
2026-06-06T14:57:15.289128583+00:00,0,1,1,1,1,1,1,1
2026-06-06T14:57:15.289517792+00:00,1,1,1,1,1,1,1,1
2026-06-06T14:57:15.290004792+00:00,0,1,1,1,1,1,1,1
2026-06-06T14:57:15.290392125+00:00,1,1,1,1,1,1,1,1
2026-06-06T14:57:15.290879750+00:00,0,1,1,1,1,1,1,1
2026-06-06T14:57:15.291266292+00:00,1,1,1,1,1,1,1,1
2026-06-06T14:57:15.292625792+00:00,0,1,1,1,1,1,1,1
2026-06-06T14:57:15.293014833+00:00,1,1,1,1,1,1,1,1
2026-06-06T14:57:15.293502375+00:00,0,1,1,1,1,1,1,1
2026-06-06T14:57:15.293889083+00:00,1,1,1,1,1,1,1,1
2026-06-06T14:57:15.295248083+00:00,0,1,1,1,1,1,1,1
2026-06-06T14:57:15.295637458+00:00,1,1,1,1,1,1,1,1
2026-06-06T14:57:15.296124042+00:00,0,1,1,1,1,1,1,1
2026-06-06T14:57:15.296511708+00:00,1,1,1,1,1,1,1,1
2026-06-06T14:57:15.297871583+00:00,0,1,1,1,1,1,1,1
2026-06-06T14:57:15.298260000+00:00,1,1,1,1,1,1,1,1
2026-06-06T14:57:15.298746917+00:00,0,1,1,1,1,1,1,1
2026-06-06T14:57:15.299134417+00:00,1,1,1,1,1,1,1,1
2026-06-06T14:57:15.299620250+00:00,0,1,1,1,1,1,1,1
2026-06-06T14:57:15.300008625+00:00,1,1,1,1,1,1,1,1
2026-06-06T14:57:15.301368208+00:00,0,1,1,1,1,1,1,1
2026-06-06T14:57:15.301757083+00:00,1,1,1,1,1,1,1,1
2026-06-06T14:57:15.302244208+00:00,0,1,1,1,1,1,1,1
2026-06-06T14:57:15.302631208+00:00,1,1,1,1,1,1,1,1
2026-06-06T14:57:15.303118625+00:00,0,1,1,1,1,1,1,1
2026-06-06T14:57:15.303505583+00:00,1,1,1,1,1,1,1,1
2026-06-06T14:57:15.303992375+00:00,0,1,1,1,1,1,1,1
2026-06-06T14:57:15.304379792+00:00,1,1,1,1,1,1,1,1
2026-06-06T14:57:15.304866792+00:00,0,1,1,1,1,1,1,1
2026-06-06T14:57:15.305253917+00:00,1,1,1,1,1,1,1,1
2026-06-06T14:57:15.305740500+00:00,0,1,1,1,1,1,1,1
2026-06-06T14:57:15.306128417+00:00,1,1,1,1,1,1,1,1
2026-06-06T14:57:15.307488167+00:00,0,1,1,1,1,1,1,1
2026-06-06T14:57:15.307876792+00:00,1,1,1,1,1,1,1,1
2026-06-06T14:57:15.309235708+00:00,0,1,1,1,1,1,1,1
2026-06-06T14:57:15.309625125+00:00,1,1,1,1,1,1,1,1
2026-06-06T14:57:15.310984792+00:00,0,1,1,1,1,1,1,1
2026-06-06T14:57:15.311373708+00:00,1,1,1,1,1,1,1,1
2026-06-06T14:57:15.312733375+00:00,0,1,1,1,1,1,1,1
2026-06-06T14:57:15.313122208+00:00,1,1,1,1,1,1,1,1
2026-06-06T14:57:15.314481667+00:00,0,1,1,1,1,1,1,1
2026-06-06T14:57:15.314870708+00:00,1,1,1,1,1,1,1,1
2026-06-06T14:57:15.315357417+00:00,0,1,1,1,1,1,1,1
2026-06-06T14:57:15.315745000+00:00,1,1,1,1,1,1,1,1
2026-06-06T14:57:15.316232208+00:00,0,1,1,1,1,1,1,1
2026-06-06T14:57:15.316619167+00:00,1,1,1,1,1,1,1,1
2026-06-06T14:57:15.317979250+00:00,0,1,1,1,1,1,1,1
2026-06-06T14:57:15.318367625+00:00,1,1,1,1,1,1,1,1
2026-06-06T14:57:15.319727000+00:00,0,1,1,1,1,1,1,1
2026-06-06T14:57:15.320116208+00:00,1,1,1,1,1,1,1,1
2026-06-06T14:57:15.321475542+00:00,0,1,1,1,1,1,1,1
2026-06-06T14:57:15.321864542+00:00,1,1,1,1,1,1,1,1
2026-06-06T14:57:15.322351458+00:00,0,1,1,1,1,1,1,1
2026-06-06T14:57:15.322738875+00:00,1,1,1,1,1,1,1,1
2026-06-06T14:57:15.324097792+00:00,0,1,1,1,1,1,1,1
2026-06-06T14:57:15.324487208+00:00,1,1,1,1,1,1,1,1
2026-06-06T14:57:15.325847333+00:00,0,1,1,1,1,1,1,1
2026-06-06T14:57:15.326235625+00:00,1,1,1,1,1,1,1,1
2026-06-06T14:57:15.326722583+00:00,0,1,1,1,1,1,1,1
2026-06-06T14:57:15.327109917+00:00,1,1,1,1,1,1,1,1
2026-06-06T14:57:15.327596417+00:00,0,1,1,1,1,1,1,1
2026-06-06T14:57:15.327984208+00:00,1,1,1,1,1,1,1,1
2026-06-06T14:57:15.407689917+00:00,0,1,1,1,1,1,1,1
2026-06-06T14:57:15.411111833+00:00,1,1,1,1,1,1,1,1
2026-06-06T14:57:15.412907625+00:00,0,1,1,1,1,1,1,1
2026-06-06T14:57:15.413297083+00:00,1,1,1,1,1,1,1,1
2026-06-06T14:57:15.413783958+00:00,0,1,1,1,1,1,1,1
2026-06-06T14:57:15.414171292+00:00,1,1,1,1,1,1,1,1
2026-06-06T14:57:15.414657750+00:00,0,1,1,1,1,1,1,1
2026-06-06T14:57:15.415045417+00:00,1,1,1,1,1,1,1,1
2026-06-06T14:57:15.416404167+00:00,0,1,1,1,1,1,1,1
2026-06-06T14:57:15.416793958+00:00,1,1,1,1,1,1,1,1
2026-06-06T14:57:15.418152875+00:00,0,1,1,1,1,1,1,1
2026-06-06T14:57:15.418542458+00:00,1,1,1,1,1,1,1,1
2026-06-06T14:57:15.419029208+00:00,0,1,1,1,1,1,1,1
2026-06-06T14:57:15.419416708+00:00,1,1,1,1,1,1,1,1
2026-06-06T14:57:15.420776708+00:00,0,1,1,1,1,1,1,1
2026-06-06T14:57:15.421165250+00:00,1,1,1,1,1,1,1,1
2026-06-06T14:57:15.421652167+00:00,0,1,1,1,1,1,1,1
2026-06-06T14:57:15.422039333+00:00,1,1,1,1,1,1,1,1
2026-06-06T14:57:15.422526292+00:00,0,1,1,1,1,1,1,1
2026-06-06T14:57:15.422913875+00:00,1,1,1,1,1,1,1,1
2026-06-06T14:57:15.423401083+00:00,0,1,1,1,1,1,1,1
2026-06-06T14:57:15.423788083+00:00,1,1,1,1,1,1,1,1
2026-06-06T14:57:15.425147750+00:00,0,1,1,1,1,1,1,1
2026-06-06T14:57:15.425536625+00:00,1,1,1,1,1,1,1,1
2026-06-06T14:57:15.426022375+00:00,0,1,1,1,1,1,1,1
2026-06-06T14:57:15.426410750+00:00,1,1,1,1,1,1,1,1
2026-06-06T14:57:15.426897000+00:00,0,1,1,1,1,1,1,1
2026-06-06T14:57:15.427284917+00:00,1,1,1,1,1,1,1,1
2026-06-06T14:57:15.428643458+00:00,0,1,1,1,1,1,1,1
2026-06-06T14:57:15.429033333+00:00,1,1,1,1,1,1,1,1
2026-06-06T14:57:15.429520375+00:00,0,1,1,1,1,1,1,1
2026-06-06T14:57:15.429907458+00:00,1,1,1,1,1,1,1,1
2026-06-06T14:57:15.431266583+00:00,0,1,1,1,1,1,1,1
2026-06-06T14:57:15.431656042+00:00,1,1,1,1,1,1,1,1
2026-06-06T14:57:15.432142667+00:00,0,1,1,1,1,1,1,1
2026-06-06T14:57:15.432530125+00:00,1,1,1,1,1,1,1,1
2026-06-06T14:57:15.433888958+00:00,0,1,1,1,1,1,1,1
2026-06-06T14:57:15.434278667+00:00,1,1,1,1,1,1,1,1
2026-06-06T14:57:15.434764875+00:00,0,1,1,1,1,1,1,1
2026-06-06T14:57:15.435152958+00:00,1,1,1,1,1,1,1,1
2026-06-06T14:57:15.435640083+00:00,0,1,1,1,1,1,1,1
2026-06-06T14:57:15.436027167+00:00,1,1,1,1,1,1,1,1
2026-06-06T14:57:15.437386458+00:00,0,1,1,1,1,1,1,1
2026-06-06T14:57:15.437775542+00:00,1,1,1,1,1,1,1,1
2026-06-06T14:57:15.438261708+00:00,0,1,1,1,1,1,1,1
2026-06-06T14:57:15.438649958+00:00,1,1,1,1,1,1,1,1
2026-06-06T14:57:15.439136000+00:00,0,1,1,1,1,1,1,1
2026-06-06T14:57:15.439524125+00:00,1,1,1,1,1,1,1,1
2026-06-06T14:57:15.440011292+00:00,0,1,1,1,1,1,1,1
2026-06-06T14:57:15.440398333+00:00,1,1,1,1,1,1,1,1
2026-06-06T14:57:15.440884458+00:00,0,1,1,1,1,1,1,1
2026-06-06T14:57:15.441272708+00:00,1,1,1,1,1,1,1,1
2026-06-06T14:57:15.441759542+00:00,0,1,1,1,1,1,1,1
2026-06-06T14:57:15.442146833+00:00,1,1,1,1,1,1,1,1
2026-06-06T14:57:15.443506042+00:00,0,1,1,1,1,1,1,1
2026-06-06T14:57:15.443895375+00:00,1,1,1,1,1,1,1,1
2026-06-06T14:57:15.445254042+00:00,0,1,1,1,1,1,1,1
2026-06-06T14:57:15.445643750+00:00,1,1,1,1,1,1,1,1
2026-06-06T14:57:15.447003208+00:00,0,1,1,1,1,1,1,1
2026-06-06T14:57:15.447392250+00:00,1,1,1,1,1,1,1,1
2026-06-06T14:57:15.448751375+00:00,0,1,1,1,1,1,1,1
2026-06-06T14:57:15.449140750+00:00,1,1,1,1,1,1,1,1
2026-06-06T14:57:15.450499917+00:00,0,1,1,1,1,1,1,1
2026-06-06T14:57:15.450889292+00:00,1,1,1,1,1,1,1,1
2026-06-06T14:57:15.451376667+00:00,0,1,1,1,1,1,1,1
2026-06-06T14:57:15.451763500+00:00,1,1,1,1,1,1,1,1
2026-06-06T14:57:15.452250042+00:00,0,1,1,1,1,1,1,1
2026-06-06T14:57:15.452637667+00:00,1,1,1,1,1,1,1,1
2026-06-06T14:57:15.453998208+00:00,0,1,1,1,1,1,1,1
2026-06-06T14:57:15.454386167+00:00,1,1,1,1,1,1,1,1
2026-06-06T14:57:15.455746292+00:00,0,1,1,1,1,1,1,1
2026-06-06T14:57:15.456134583+00:00,1,1,1,1,1,1,1,1
2026-06-06T14:57:15.457493458+00:00,0,1,1,1,1,1,1,1
2026-06-06T14:57:15.457883042+00:00,1,1,1,1,1,1,1,1
2026-06-06T14:57:15.458369000+00:00,0,1,1,1,1,1,1,1
2026-06-06T14:57:15.458757417+00:00,1,1,1,1,1,1,1,1
2026-06-06T14:57:15.460116667+00:00,0,1,1,1,1,1,1,1
2026-06-06T14:57:15.460505708+00:00,1,1,1,1,1,1,1,1
2026-06-06T14:57:15.461865500+00:00,0,1,1,1,1,1,1,1
2026-06-06T14:57:15.462254250+00:00,1,1,1,1,1,1,1,1
2026-06-06T14:57:15.462740375+00:00,0,1,1,1,1,1,1,1
2026-06-06T14:57:15.463128542+00:00,1,1,1,1,1,1,1,1
2026-06-06T14:57:15.463615167+00:00,0,1,1,1,1,1,1,1
2026-06-06T14:57:15.464002625+00:00,1,1,1,1,1,1,1,1
2026-06-06T14:57:15.543483333+00:00,0,1,1,1,1,1,1,1
2026-06-06T14:57:15.546905083+00:00,1,1,1,1,1,1,1,1
2026-06-06T14:57:15.548701875+00:00,0,1,1,1,1,1,1,1
2026-06-06T14:57:15.549090417+00:00,1,1,1,1,1,1,1,1
2026-06-06T14:57:15.549577167+00:00,0,1,1,1,1,1,1,1
2026-06-06T14:57:15.549964458+00:00,1,1,1,1,1,1,1,1
2026-06-06T14:57:15.550450792+00:00,0,1,1,1,1,1,1,1
2026-06-06T14:57:15.550838708+00:00,1,1,1,1,1,1,1,1
2026-06-06T14:57:15.552198125+00:00,0,1,1,1,1,1,1,1
2026-06-06T14:57:15.552587208+00:00,1,1,1,1,1,1,1,1
2026-06-06T14:57:15.553946917+00:00,0,1,1,1,1,1,1,1
2026-06-06T14:57:15.554335708+00:00,1,1,1,1,1,1,1,1
2026-06-06T14:57:15.554821625+00:00,0,1,1,1,1,1,1,1
2026-06-06T14:57:15.555209917+00:00,1,1,1,1,1,1,1,1
2026-06-06T14:57:15.556568833+00:00,0,1,1,1,1,1,1,1
2026-06-06T14:57:15.556958458+00:00,1,1,1,1,1,1,1,1
2026-06-06T14:57:15.557445083+00:00,0,1,1,1,1,1,1,1
2026-06-06T14:57:15.557832583+00:00,1,1,1,1,1,1,1,1
2026-06-06T14:57:15.558319000+00:00,0,1,1,1,1,1,1,1
2026-06-06T14:57:15.558706833+00:00,1,1,1,1,1,1,1,1
2026-06-06T14:57:15.559193875+00:00,0,1,1,1,1,1,1,1
2026-06-06T14:57:15.559581125+00:00,1,1,1,1,1,1,1,1
2026-06-06T14:57:15.560939958+00:00,0,1,1,1,1,1,1,1
2026-06-06T14:57:15.561329667+00:00,1,1,1,1,1,1,1,1
2026-06-06T14:57:15.561815625+00:00,0,1,1,1,1,1,1,1
2026-06-06T14:57:15.562203833+00:00,1,1,1,1,1,1,1,1
2026-06-06T14:57:15.562691458+00:00,0,1,1,1,1,1,1,1
2026-06-06T14:57:15.563078083+00:00,1,1,1,1,1,1,1,1
2026-06-06T14:57:15.564437750+00:00,0,1,1,1,1,1,1,1
2026-06-06T14:57:15.564826500+00:00,1,1,1,1,1,1,1,1
2026-06-06T14:57:15.565312708+00:00,0,1,1,1,1,1,1,1
2026-06-06T14:57:15.565700750+00:00,1,1,1,1,1,1,1,1
2026-06-06T14:57:15.567060083+00:00,0,1,1,1,1,1,1,1
2026-06-06T14:57:15.567449167+00:00,1,1,1,1,1,1,1,1
2026-06-06T14:57:15.567936917+00:00,0,1,1,1,1,1,1,1
2026-06-06T14:57:15.568323500+00:00,1,1,1,1,1,1,1,1
2026-06-06T14:57:15.569682750+00:00,0,1,1,1,1,1,1,1
2026-06-06T14:57:15.570071958+00:00,1,1,1,1,1,1,1,1
2026-06-06T14:57:15.570559083+00:00,0,1,1,1,1,1,1,1
2026-06-06T14:57:15.570946167+00:00,1,1,1,1,1,1,1,1
2026-06-06T14:57:15.571432542+00:00,0,1,1,1,1,1,1,1
2026-06-06T14:57:15.571820375+00:00,1,1,1,1,1,1,1,1
2026-06-06T14:57:15.573179333+00:00,0,1,1,1,1,1,1,1
2026-06-06T14:57:15.573568750+00:00,1,1,1,1,1,1,1,1
2026-06-06T14:57:15.574055625+00:00,0,1,1,1,1,1,1,1
2026-06-06T14:57:15.574443000+00:00,1,1,1,1,1,1,1,1
2026-06-06T14:57:15.574929125+00:00,0,1,1,1,1,1,1,1
2026-06-06T14:57:15.575317292+00:00,1,1,1,1,1,1,1,1
2026-06-06T14:57:15.575804500+00:00,0,1,1,1,1,1,1,1
2026-06-06T14:57:15.576191542+00:00,1,1,1,1,1,1,1,1
2026-06-06T14:57:15.576679417+00:00,0,1,1,1,1,1,1,1
2026-06-06T14:57:15.577065833+00:00,1,1,1,1,1,1,1,1
2026-06-06T14:57:15.577552917+00:00,0,1,1,1,1,1,1,1
2026-06-06T14:57:15.577940167+00:00,1,1,1,1,1,1,1,1
2026-06-06T14:57:15.579299667+00:00,0,1,1,1,1,1,1,1
2026-06-06T14:57:15.579688500+00:00,1,1,1,1,1,1,1,1
2026-06-06T14:57:15.581048125+00:00,0,1,1,1,1,1,1,1
2026-06-06T14:57:15.581436875+00:00,1,1,1,1,1,1,1,1
2026-06-06T14:57:15.582795917+00:00,0,1,1,1,1,1,1,1
2026-06-06T14:57:15.583185458+00:00,1,1,1,1,1,1,1,1
2026-06-06T14:57:15.584545208+00:00,0,1,1,1,1,1,1,1
2026-06-06T14:57:15.584933958+00:00,1,1,1,1,1,1,1,1
2026-06-06T14:57:15.586292708+00:00,0,1,1,1,1,1,1,1
2026-06-06T14:57:15.586682375+00:00,1,1,1,1,1,1,1,1
2026-06-06T14:57:15.587169250+00:00,0,1,1,1,1,1,1,1
2026-06-06T14:57:15.587556750+00:00,1,1,1,1,1,1,1,1
2026-06-06T14:57:15.588042792+00:00,0,1,1,1,1,1,1,1
2026-06-06T14:57:15.588430875+00:00,1,1,1,1,1,1,1,1
2026-06-06T14:57:15.589789750+00:00,0,1,1,1,1,1,1,1
2026-06-06T14:57:15.590179375+00:00,1,1,1,1,1,1,1,1
2026-06-06T14:57:15.591539167+00:00,0,1,1,1,1,1,1,1
2026-06-06T14:57:15.591927833+00:00,1,1,1,1,1,1,1,1
2026-06-06T14:57:15.593287375+00:00,0,1,1,1,1,1,1,1
2026-06-06T14:57:15.593676375+00:00,1,1,1,1,1,1,1,1
2026-06-06T14:57:15.594162042+00:00,0,1,1,1,1,1,1,1
2026-06-06T14:57:15.594550625+00:00,1,1,1,1,1,1,1,1
2026-06-06T14:57:15.595909917+00:00,0,1,1,1,1,1,1,1
2026-06-06T14:57:15.596299042+00:00,1,1,1,1,1,1,1,1
2026-06-06T14:57:15.597658583+00:00,0,1,1,1,1,1,1,1
2026-06-06T14:57:15.598047583+00:00,1,1,1,1,1,1,1,1
2026-06-06T14:57:15.598534208+00:00,0,1,1,1,1,1,1,1
2026-06-06T14:57:15.598921833+00:00,1,1,1,1,1,1,1,1
2026-06-06T14:57:15.599408583+00:00,0,1,1,1,1,1,1,1
2026-06-06T14:57:15.599796125+00:00,1,1,1,1,1,1,1,1
2026-06-06T14:57:15.773765667+00:00,1,1,1,1,1,1,1,1
